{
    "company": {
        "company_id": 1,
        "name": "1863 VENTURES",
        "location": "Washington, DC",
        "business_type": "Accelerators",
        "admin": "Emmanuel Kaska",
        "teams": [
            {
                "team_id": 1,
                "name": "Marketing",
                "description" : "Team desc 1",
                "members": [
                    {
                        "member_id": 1,
                        "name": "Emmanuel Kaska",
                        "initials": "EK",
                        "created_by": "NG",
                        "created_on": "01/01/2021 1:00PM",
                        "updated_by": "NB",
                        "Updated_on": "01/02/2021 2:00PM",
                        "is_deleted": false
                    }
                ],
                "projects": [
                    {
                        "project_id": 1,
                        "name": "project 1",
                        "description" : "Project desc 1",
                        "project_action_plans": [
                            {
                                "project_action_plan_id": 1,
                                "name": "Action Plan 1",
                                "description": "Action Plan description 1",
                                "processes": [
                                    {
                                        "process_id": 1,
                                        "name": "Validate Product",
                                        "descption": "Assess Product Validity",
                                        "is_complete": false,
                                        "tasks": [
                                            {
                                                "task_id": 1,
                                                "name": "Task 1",
                                                "description": "This is task 1 for all you people",
                                                "is_complete": false,
                                                "created_by": "",
                                                "created_on": "",
                                                "updated_by": "",
                                                "Updated_on": "",
                                                "is_deleted": false
                                            }
                                        ],
                                        "created_by": "",
                                        "created_on": "",
                                        "updated_by": "",
                                        "Updated_on": "",
                                        "is_deleted": false
                                    }
                                ],
                                "is_complete": false,
                                "created_by": "",
                                "created_on": "",
                                "updated_by": "",
                                "Updated_on": "",
                                "is_deleted": false
                            }
                        ],
                        "created_by": "NG",
                        "created_on": "01/01/2021 1:00PM",
                        "updated_by": "NB",
                        "Updated_on": "01/02/2021 2:00PM",
                        "is_deleted": false
                    }
                ],
                "created_by": "NG",
                "created_on": "01/01/2021 1:00PM",
                "updated_by": "NB",
                "Updated_on": "01/02/2021 2:00PM",
                "is_deleted": false
            }
        ],
        "created_by": "NG",
        "created_on": "01/01/2021 1:00PM",
        "updated_by": "NB",
        "Updated_on": "01/02/2021 2:00PM",
        "is_deleted": false
    }
}