{
    "strategy": {
        "strategy_id": "strat-001",
        "name": "Product",
        "description": "Refine your the value you provide",
        "action_plans": [
            {
                "action_plan_id": 1,
                "name": "Action Plan 1",
                "description": "Action Plan description 1",
                "processes": [
                    {
                        "process_id": 1,
                        "name": "Validate Product",
                        "descption": "Assess Product Validity",
                        "tasks": [
                            {
                                "task_id": 1,
                                "name": "Task 1",
                                "description": "This is task 1 for all you people",
                                "created_by": "NG",
                                "created_on": "01/01/2021 1:00PM",
                                "updated_by": "NB",
                                "Updated_on": "01/02/2021 2:00PM",
                                "is_deleted": false
                            }
                        ],
                        "created_by": "NG",
                        "created_on": "01/01/2021 1:00PM",
                        "updated_by": "NB",
                        "Updated_on": "01/02/2021 2:00PM",
                        "is_deleted": false
                    }
                ],
                "created_by": "NG",
                "created_on": "01/01/2021 1:00PM",
                "updated_by": "NB",
                "Updated_on": "01/02/2021 2:00PM",
                "is_deleted": false
            }
        ],
        "created_by": "NG",
        "created_on": "01/01/2021 1:00PM",
        "updated_by": "NB",
        "Updated_on": "01/02/2021 2:00PM",
        "is_deleted": false
    }
}